{
  "entry": 0.6910000000000001,
  "exit": 0.49100000000000005
}